[
  {
    "id": "privacy-guide-2024",
    "title": "The Ultimate Privacy Guide for Chrome Users in 2024",
    "excerpt": "Learn how to protect your data and prevent invasive tracking with simple, actionable steps.",
    "content": "<h2>Why Privacy Matters in 2024</h2><p>Your browser is the primary gateway to your digital identity. Protecting it isn't just a suggestion; it's a necessity in the age of persistent tracking.</p><p>When selecting tools, you should look for specific markers of quality. We've detailed these in our guide on <a href=\"#blog/how-to-choose-extensions\">Choosing Secure Extensions</a>.</p><img src=\"https://images.unsplash.com/photo-1633265486064-086b219458ec\" alt=\"Chrome Privacy Protection\" /><p>Beyond privacy, performance is key. Our <a href=\"#home\">Main Directory</a> only lists extensions that pass our strict CPU-usage benchmarks.</p>",
    "category": "Security",
    "date": "May 12, 2024",
    "publishDate": "2024-05-12T10:00:00Z",
    "readTime": "8 min read",
    "image": "https://images.unsplash.com/photo-1633265486064-086b219458ec?auto=format&fit=crop&q=80&w=800"
  },
  {
    "id": "how-to-choose-extensions",
    "title": "How to Choose the Most Secure Browser Extensions",
    "excerpt": "We share our internal framework for vetting tools before recommending them to professionals.",
    "content": "<h2>Vetting Browser Tools for Safety</h2><p>Not every extension on the Chrome Web Store is safe. Malicious actors often use useful-looking tools to inject trackers.</p><p>Our verification process is based on the standards we've outlined in the <a href=\"#blog/privacy-guide-2024\">Complete Privacy Guide</a>.</p><img src=\"https://images.unsplash.com/photo-1563986768609-322da13575f3\" alt=\"Security Standards\" /><p>Always remember: if an extension asks for more permissions than it needs, it's a red flag.</p>",
    "category": "Guides",
    "date": "March 20, 2024",
    "publishDate": "2024-03-20T10:00:00Z",
    "readTime": "6 min read",
    "image": "https://images.unsplash.com/photo-1563986768609-322da13575f3?auto=format&fit=crop&q=80&w=800"
  }
]
